EID,PID
100,1
101,1
102,1
103,1
104,1
105,1
106,1
107,1
108,1
109,1
110,2
111,2
112,2
113,2
114,2
115,2
116,2
117,2
118,2
119,2
120,2
121,2
122,2
123,2
124,3
125,3
126,3
127,3
128,3
129,3
130,3
131,3
132,3
133,3
134,3
135,4
136,4
137,4
138,4
139,4
140,4
141,4
142,4
143,4
144,5
145,5
146,5
147,5
148,5
149,5
150,5
151,5
152,5
153,5
154,5
155,5
156,6
157,6
158,6
159,6
160,6
161,6
162,6
163,6
164,6
165,6
166,6
167,7
168,7
169,7
170,7
171,7
172,7
173,7
174,7
175,7
176,7
177,8
178,8
179,8
180,8
181,8
182,8
183,8
184,8
185,8
186,8
187,8
188,8
189,8
190,8
191,9
192,9
193,9
194,9
195,9
196,9
197,9
198,9
199,9
200,9
201,9
202,9
203,9
204,10
205,10
206,10
207,10
208,10
209,10
210,10
211,10
212,10
213,10
214,10
215,10
216,10
217,11
218,11
219,11
220,11
221,11
222,11
223,11
224,11
225,11
226,12
227,12
228,12
229,12
230,12
231,12
232,12
233,12
234,13
235,13
236,13
237,13
238,13
239,13
240,13
241,13
242,13
243,13
244,14
245,14
246,14
247,14
248,14
249,14
250,14
251,14
252,14
253,14
254,14
255,15
256,15
257,15
258,15
259,15
260,15
261,15
262,16
263,16
264,16
265,16
266,16
267,16
268,16
269,17
270,17
271,17
272,17
273,17
274,17
275,17
276,17
277,17
278,17
279,17
280,17
281,17
282,17
283,17
284,17
285,17
286,18
287,18
288,18
289,18
290,18
291,18
292,18
293,19
294,19
295,19
296,19
297,19
298,19
299,19
300,19
301,19
302,19
303,19
304,20
305,20
306,20
307,20
308,20
309,20
310,20
311,20
312,20
313,20
314,20
315,20
316,20
317,20
318,20
319,20
320,20
321,21
322,21
323,21
324,21
325,21
326,21
327,21
328,21
329,21
330,22
331,22
332,22
333,22
334,22
335,22
336,22
337,23
338,23
339,23
340,23
341,23
342,23
343,23
344,23
345,23
346,23
347,24
348,24
349,24
350,24
351,24
352,24
353,24
354,24
355,24
356,24
357,24
358,24
359,25
360,25
361,25
362,25
363,25
364,25
365,25
366,25
367,25
368,26
369,26
370,26
371,26
372,26
373,26
374,26
375,26
376,26
377,26
378,26
379,26
380,27
381,27
382,27
383,27
384,27
385,27
386,27
387,27
388,27
389,28
390,28
391,28
392,28
393,28
394,28
395,28
396,29
397,29
398,29
399,29
400,29
401,29
402,29
403,29
404,30
405,30
406,30
407,30
408,30
409,30
410,30
411,30
412,30
413,30
414,30
415,30
416,30
417,31
418,31
419,31
420,31
421,31
422,31
423,31
424,31
425,31
426,31
427,31
428,31
429,31
430,31
431,31
432,32
433,32
434,32
435,32
436,32
437,32
438,32
439,32
440,32
441,32
442,32
443,33
444,33
445,33
446,33
447,33
448,33
449,33
450,33
451,33
452,33
453,33
454,33
455,33
456,34
457,34
458,34
459,34
460,34
461,34
462,34
463,34
464,34
465,34
466,34
467,34
468,35
469,35
470,35
471,35
472,35
473,35
474,35
475,35
476,35
477,35
478,35
479,36
480,36
481,36
482,36
483,36
484,36
485,36
486,36
487,36
488,36
489,37
490,37
491,37
492,37
493,37
494,37
495,37
496,38
497,38
498,38
499,38
500,38
501,38
502,38
503,38
504,38
505,38
506,39
507,39
508,39
509,39
510,39
511,39
512,40
513,40
514,40
515,40
516,40
517,40
518,40
519,40
520,40
521,40
522,40
523,40
524,40
525,40
526,40
527,41
528,41
529,41
530,41
531,41
532,41
533,41
534,41
535,41
536,42
537,42
538,42
539,42
540,42
541,42
542,42
543,42
544,42
545,42
546,42
547,42
548,42
549,42
550,42
551,43
552,43
553,43
554,43
555,43
556,43
557,43
558,43
559,43
560,43
561,43
562,44
563,44
564,44
565,44
566,44
567,44
568,44
569,44
570,44
571,44
572,44
573,45
574,45
575,45
576,45
577,45
578,45
579,45
580,45
581,45
582,45
583,45
584,46
585,46
586,46
587,46
588,46
589,46
590,46
591,46
592,46
593,46
594,46
595,46
596,47
597,47
598,47
599,47
600,47
601,47
602,47
603,47
604,47
605,47
606,48
607,48
608,48
609,48
610,48
611,48
612,48
613,48
614,49
615,49
616,49
617,49
618,49
619,49
620,49
621,49
622,49
623,50
624,50
625,50
626,50
627,50
628,50
629,50
630,50
631,50
632,50
633,50
634,50
635,50
636,51
637,51
638,51
639,51
640,51
641,51
642,51
643,51
644,52
645,52
646,52
647,52
648,52
649,52
650,52
651,52
652,52
653,52
654,52
655,52
656,53
657,53
658,53
659,53
660,54
661,54
662,54
663,54
664,54
665,54
666,54
667,54
668,54
669,54
670,54
671,54
672,54
673,54
674,54
675,54
676,54
677,54
678,54
679,55
680,55
681,55
682,55
683,55
684,55
685,55
686,55
687,55
688,55
689,56
690,56
691,56
692,56
693,57
694,57
695,57
696,57
697,57
698,57
699,57
700,57
701,57
702,57
703,57
704,57
705,57
706,57
707,58
708,58
709,58
710,58
711,58
712,58
713,58
714,58
715,58
716,58
717,58
718,58
719,58
720,58
721,59
722,59
723,59
724,59
725,59
726,59
727,59
728,59
729,59
730,59
731,59
732,59
733,59
734,60
735,60
736,60
737,60
738,60
739,60
740,60
741,60
742,60
743,60
744,60
745,60
746,61
747,61
748,61
749,61
750,61
751,62
752,62
753,62
754,62
755,62
756,62
757,62
758,62
759,63
760,63
761,63
762,63
763,63
764,63
765,63
766,63
767,63
768,63
769,63
770,63
771,63
772,63
773,64
774,64
775,64
776,64
777,64
778,64
779,64
780,64
781,64
782,64
783,64
784,64
785,65
786,65
787,65
788,65
789,65
790,65
791,65
792,65
793,65
794,65
795,65
796,65
797,65
798,66
799,66
800,66
801,66
802,66
803,66
804,66
805,66
806,66
807,66
808,66
809,66
810,66
811,66
812,66
813,66
814,67
815,67
816,67
817,67
818,67
819,67
820,67
821,67
822,67
823,67
824,67
825,68
826,68
827,68
828,68
829,68
830,68
831,68
832,68
833,68
834,68
835,69
836,69
837,69
838,69
839,69
840,69
841,69
842,69
843,69
844,69
845,69
846,70
847,70
848,70
849,70
850,70
851,70
852,70
853,71
854,71
855,71
856,71
857,71
858,71
859,71
860,71
861,71
862,71
863,71
864,71
865,71
866,72
867,72
868,72
869,72
870,72
871,72
872,72
873,72
874,72
875,72
876,72
877,72
878,73
879,73
880,73
881,73
882,73
883,73
884,73
885,73
886,73
887,73
888,73
889,73
890,74
891,74
892,74
893,74
894,74
895,74
896,74
897,74
898,74
899,74
900,74
901,75
902,75
903,75
904,75
905,75
906,75
907,75
908,75
909,75
910,75
911,75
912,76
913,76
914,76
915,76
916,76
917,76
918,76
919,76
920,76
921,76
922,76
923,76
924,76
925,76
926,76
927,76
928,77
929,77
930,77
931,77
932,77
933,77
934,77
935,77
936,77
937,77
938,77
939,77
940,78
941,78
942,78
943,78
944,78
945,78
946,78
947,78
948,78
949,78
950,78
951,78
952,78
953,78
954,78
955,78
956,78
957,79
958,79
959,79
960,79
961,79
962,79
963,79
964,80
965,80
966,80
967,80
968,80
969,80
970,80
971,80
972,80
973,80
974,80
975,81
976,81
977,81
978,81
979,81
980,81
981,82
982,82
983,82
984,82
985,82
986,82
987,82
988,82
989,83
990,83
991,83
992,83
993,83
994,83
995,83
996,83
997,83
998,83
999,83
1000,83
1001,84
1002,84
1003,84
1004,84
1005,84
1006,84
1007,84
1008,84
1009,84
1010,84
1011,84
1012,84
1013,84
1014,84
1015,84
1016,84
1017,84
1018,85
1019,85
1020,85
1021,85
1022,85
1023,85
1024,85
1025,85
1026,85
1027,86
1028,86
1029,86
1030,86
1031,86
1032,86
1033,86
1034,86
1035,86
1036,86
1037,86
1038,87
1039,87
1040,87
1041,87
1042,87
1043,87
1044,87
1045,87
1046,87
1047,87
1048,88
1049,88
1050,88
1051,88
1052,88
1053,88
1054,88
1055,88
1056,88
1057,88
1058,89
1059,89
1060,89
1061,89
1062,89
1063,89
1064,89
1065,89
1066,89
1067,89
1068,89
1069,89
1070,90
1071,90
1072,90
1073,90
1074,90
1075,90
1076,90
1077,90
1078,90
1079,90
1080,90
1081,90
1082,90
1083,90
1084,90
1085,91
1086,91
1087,91
1088,91
1089,91
1090,91
1091,91
1092,91
1093,91
1094,91
1095,91
1096,91
1097,91
1098,91
1099,92
1100,92
1101,92
1102,92
1103,92
1104,92
1105,92
1106,92
1107,92
1108,92
1109,92
1110,93
1111,93
1112,93
1113,93
1114,93
1115,93
1116,93
1117,93
1118,93
1119,93
1120,93
1121,93
1122,94
1123,94
1124,94
1125,94
1126,94
1127,94
1128,94
1129,94
1130,95
1131,95
1132,95
1133,95
1134,95
1135,95
1136,95
1137,95
1138,95
1139,95
1140,96
1141,96
1142,96
1143,96
1144,96
1145,96
1146,96
1147,96
1148,97
1149,97
1150,97
1151,97
1152,97
1153,97
1154,97
1155,97
1156,97
1157,98
1158,98
1159,98
1160,98
1161,98
1162,98
1163,98
1164,98
1165,98
1166,98
1167,98
1168,98
1169,98
1170,98
1171,98
1172,98
1173,98
1174,99
1175,99
1176,99
1177,99
1178,99
1179,99
1180,99
1181,100
1182,100
1183,100
1184,100
1185,100
1186,100
1187,100
1188,100
1189,100
